"Position","Name","Salary","GameInfo","AvgPointsPerGame","teamAbbrev"
"WR","Julio Jones",9300,"Ind@Atl 01:00PM ET",26.544,"Atl"
"WR","DeAndre Hopkins",8800,"NYJ@Hou 01:00PM ET",24.411,"Hou"
"RB","Devonta Freeman",8400,"Ind@Atl 01:00PM ET",26.678,"Atl"
"WR","Dez Bryant",7700,"Dal@Mia 01:00PM ET",11.725,"Dal"
"WR","A.J. Green",7700,"Cin@Ari 08:30PM ET",17.878,"Cin"
"RB","Todd Gurley",7600,"StL@Bal 01:00PM ET",20.300,"StL"
"QB","Aaron Rodgers",7500,"GB@Min 04:25PM ET",22.878,"GB"
"WR","Demaryius Thomas",7300,"Den@Chi 01:00PM ET",18.178,"Den"
"WR","Mike Evans",7300,"TB@Phi 01:00PM ET",15.400,"TB"
"WR","Larry Fitzgerald",7200,"Cin@Ari 08:30PM ET",21.956,"Ari"
"WR","Calvin Johnson",7200,"Oak@Det 01:00PM ET",16.444,"Det"
"QB","Matt Ryan",7100,"Ind@Atl 01:00PM ET",18.042,"Atl"
"WR","Brandon Marshall",7000,"NYJ@Hou 01:00PM ET",20.144,"NYJ"
"WR","Emmanuel Sanders",7000,"Den@Chi 01:00PM ET",15.544,"Den"
"QB","Philip Rivers",6900,"KC@SD 04:05PM ET",23.391,"SD"
"QB","Cam Newton",6900,"Was@Car 01:00PM ET",22.898,"Car"
"RB","Adrian Peterson",6800,"GB@Min 04:25PM ET",19.211,"Min"
"RB","Matt Forte",6800,"Den@Chi 01:00PM ET",17.671,"Chi"
"WR","Alshon Jeffery",6800,"Den@Chi 01:00PM ET",21.700,"Chi"
"WR","Amari Cooper",6800,"Oak@Det 01:00PM ET",17.289,"Oak"
"QB","Carson Palmer",6700,"Cin@Ari 08:30PM ET",23.618,"Ari"
"RB","Marshawn Lynch",6700,"SF@Sea 04:25PM ET",12.243,"Sea"
"QB","Andrew Luck",6700,"Ind@Atl 01:00PM ET",21.406,"Ind"
"WR","Randall Cobb",6700,"GB@Min 04:25PM ET",14.756,"GB"
"WR","Jarvis Landry",6700,"Dal@Mia 01:00PM ET",18.129,"Mia"
"QB","Andy Dalton",6600,"Cin@Ari 08:30PM ET",21.469,"Cin"
"QB","Derek Carr",6300,"Oak@Det 01:00PM ET",21.260,"Oak"
"TE","Greg Olsen",6200,"Was@Car 01:00PM ET",16.378,"Car"
"WR","T.Y. Hilton",6200,"Ind@Atl 01:00PM ET",14.922,"Ind"
"RB","Lamar Miller",6200,"Dal@Mia 01:00PM ET",18.333,"Mia"
"RB","Chris Ivory",6100,"NYJ@Hou 01:00PM ET",17.863,"NYJ"
"QB","Tony Romo",6000,"Dal@Mia 01:00PM ET",17.570,"Dal"
"WR","Michael Crabtree",6000,"Oak@Det 01:00PM ET",17.178,"Oak"
"RB","DeMarco Murray",6000,"TB@Phi 01:00PM ET",17.488,"Phi"
"WR","Jordan Matthews",6000,"TB@Phi 01:00PM ET",13.689,"Phi"
"QB","Peyton Manning",5900,"Den@Chi 01:00PM ET",12.422,"Den"
"QB","Russell Wilson",5900,"SF@Sea 04:25PM ET",16.802,"Sea"
"TE","Tyler Eifert",5900,"Cin@Ari 08:30PM ET",15.889,"Cin"
"RB","Justin Forsett",5800,"StL@Bal 01:00PM ET",13.978,"Bal"
"WR","Eric Decker",5800,"NYJ@Hou 01:00PM ET",17.338,"NYJ"
"RB","Latavius Murray",5600,"Oak@Det 01:00PM ET",14.456,"Oak"
"RB","Jeremy Langford",5600,"Den@Chi 01:00PM ET",10.056,"Chi"
"QB","Matt Hasselbeck",5500,"Ind@Atl 01:00PM ET",15.800,"Ind"
"QB","Sam Bradford",5500,"TB@Phi 01:00PM ET",14.887,"Phi"
"QB","Matthew Stafford",5400,"Oak@Det 01:00PM ET",16.689,"Det"
"QB","Joe Flacco",5300,"StL@Bal 01:00PM ET",19.664,"Bal"
"RB","James Starks",5300,"GB@Min 04:25PM ET",11.633,"GB"
"RB","Danny Woodhead",5300,"KC@SD 04:05PM ET",16.678,"SD"
"RB","Doug Martin",5300,"TB@Phi 01:00PM ET",15.711,"TB"
"QB","Kirk Cousins",5300,"Was@Car 01:00PM ET",17.980,"Was"
"QB","Brian Hoyer",5200,"NYJ@Hou 01:00PM ET",17.351,"Hou"
"WR","John Brown",5200,"Cin@Ari 08:30PM ET",14.313,"Ari"
"QB","Jay Cutler",5100,"Den@Chi 01:00PM ET",19.038,"Chi"
"TE","Jason Witten",5100,"Dal@Mia 01:00PM ET",11.611,"Dal"
"WR","DeSean Jackson",5100,"Was@Car 01:00PM ET",3.633,"Was"
"QB","Ryan Tannehill",5100,"Dal@Mia 01:00PM ET",18.264,"Mia"
"QB","Matt Cassel",5000,"Dal@Mia 01:00PM ET",9.992,"Dal"
"QB","Charlie Whitehurst",5000,"Ind@Atl 01:00PM ET",0.000,"Ind"
"QB","Tarvaris Jackson",5000,"SF@Sea 04:25PM ET",0,"Sea"
"QB","Derek Anderson",5000,"Was@Car 01:00PM ET",0,"Car"
"QB","Ryan Fitzpatrick",5000,"NYJ@Hou 01:00PM ET",16.747,"NYJ"
"QB","Dan Orlovsky",5000,"Oak@Det 01:00PM ET",3.680,"Det"
"QB","Kellen Clemens",5000,"KC@SD 04:05PM ET",6.520,"SD"
"QB","Shaun Hill",5000,"GB@Min 04:25PM ET",0.500,"Min"
"QB","Matt Moore",5000,"Dal@Mia 01:00PM ET",0.360,"Mia"
"QB","Drew Stanton",5000,"Cin@Ari 08:30PM ET",-0.100,"Ari"
"QB","Alex Smith",5000,"KC@SD 04:05PM ET",17.602,"KC"
"WR","James Jones",5000,"GB@Min 04:25PM ET",12.367,"GB"
"QB","Matt Schaub",5000,"StL@Bal 01:00PM ET",0,"Bal"
"RB","Darren McFadden",5000,"Dal@Mia 01:00PM ET",12.289,"Dal"
"QB","Joe Webb",5000,"Was@Car 01:00PM ET",-0.011,"Car"
"QB","Mark Sanchez",5000,"TB@Phi 01:00PM ET",5.640,"Phi"
"QB","Chase Daniel",5000,"KC@SD 04:05PM ET",0.160,"KC"
"QB","Colt McCoy",5000,"Was@Car 01:00PM ET",0.000,"Was"
"QB","Colin Kaepernick",5000,"SF@Sea 04:25PM ET",13.578,"SF"
"QB","T.J. Yates",5000,"NYJ@Hou 01:00PM ET",6.560,"Hou"
"QB","Scott Tolzien",5000,"GB@Min 04:25PM ET",0.000,"GB"
"WR","Jeremy Maclin",5000,"KC@SD 04:05PM ET",15.138,"KC"
"QB","Thaddeus Lewis",5000,"TB@Phi 01:00PM ET",0,"Phi"
"QB","Case Keenum",5000,"StL@Bal 01:00PM ET",0.000,"StL"
"QB","Jimmy Clausen",5000,"Den@Chi 01:00PM ET",3.580,"Chi"
"QB","Brandon Weeden",5000,"Dal@Mia 01:00PM ET",9.630,"Dal"
"QB","Nick Foles",5000,"StL@Bal 01:00PM ET",10.791,"StL"
"QB","Robert Griffin III",5000,"Was@Car 01:00PM ET",0,"Was"
"QB","Blaine Gabbert",5000,"SF@Sea 04:25PM ET",16.600,"SF"
"QB","Sean Renfree",5000,"Ind@Atl 01:00PM ET",-0.400,"Atl"
"QB","Mike Glennon",5000,"TB@Phi 01:00PM ET",0,"TB"
"QB","Ryan Griffin",5000,"TB@Phi 01:00PM ET",0,"TB"
"QB","Matt McGloin",5000,"Oak@Det 01:00PM ET",11.680,"Oak"
"QB","Matt Barkley",5000,"Cin@Ari 08:30PM ET",0,"Ari"
"QB","Aaron Murray",5000,"KC@SD 04:05PM ET",0,"KC"
"QB","Brock Osweiler",5000,"Den@Chi 01:00PM ET",5.320,"Den"
"QB","Bryce Petty",5000,"NYJ@Hou 01:00PM ET",0,"NYJ"
"QB","AJ McCarron",5000,"Cin@Ari 08:30PM ET",-0.200,"Cin"
"QB","Geno Smith",5000,"NYJ@Hou 01:00PM ET",21.000,"NYJ"
"QB","Trevor Siemian",5000,"Den@Chi 01:00PM ET",0,"Den"
"QB","Sean Mannion",5000,"StL@Bal 01:00PM ET",0,"StL"
"QB","Brett Hundley",5000,"GB@Min 04:25PM ET",0,"GB"
"QB","Teddy Bridgewater",5000,"GB@Min 04:25PM ET",13.444,"Min"
"QB","Taylor Heinicke",5000,"GB@Min 04:25PM ET",0,"Min"
"RB","Jeremy Hill",5000,"Cin@Ari 08:30PM ET",9.322,"Cin"
"QB","Jameis Winston",5000,"TB@Phi 01:00PM ET",17.129,"TB"
"WR","Stefon Diggs",5000,"GB@Min 04:25PM ET",16.767,"Min"
"TE","Jimmy Graham",4900,"SF@Sea 04:25PM ET",11.678,"Sea"
"TE","Jordan Reed",4900,"Was@Car 01:00PM ET",16.529,"Was"
"TE","Antonio Gates",4800,"KC@SD 04:05PM ET",17.800,"SD"
"WR","Kamar Aiken",4800,"StL@Bal 01:00PM ET",9.289,"Bal"
"RB","Eddie Lacy",4800,"GB@Min 04:25PM ET",7.625,"GB"
"RB","Frank Gore",4700,"Ind@Atl 01:00PM ET",12.822,"Ind"
"WR","Vincent Jackson",4700,"TB@Phi 01:00PM ET",11.650,"TB"
"RB","Chris Johnson",4700,"Cin@Ari 08:30PM ET",12.444,"Ari"
"TE","Travis Kelce",4700,"KC@SD 04:05PM ET",13.822,"KC"
"WR","Rishard Matthews",4700,"Dal@Mia 01:00PM ET",15.233,"Mia"
"WR","Donte Moncrief",4700,"Ind@Atl 01:00PM ET",12.767,"Ind"
"WR","Golden Tate",4600,"Oak@Det 01:00PM ET",10.489,"Det"
"WR","Tavon Austin",4600,"StL@Bal 01:00PM ET",13.778,"StL"
"WR","Davante Adams",4600,"GB@Min 04:25PM ET",9.367,"GB"
"RB","Giovani Bernard",4500,"Cin@Ari 08:30PM ET",12.833,"Cin"
"RB","Charcandrick West",4500,"KC@SD 04:05PM ET",9.867,"KC"
"WR","Nate Washington",4400,"NYJ@Hou 01:00PM ET",13.757,"Hou"
"RB","Jonathan Stewart",4400,"Was@Car 01:00PM ET",11.500,"Car"
"WR","Pierre Garcon",4300,"Was@Car 01:00PM ET",11.556,"Was"
"WR","Marvin Jones",4300,"Cin@Ari 08:30PM ET",10.978,"Cin"
"TE","Martellus Bennett",4200,"Den@Chi 01:00PM ET",11.767,"Chi"
"WR","Terrance Williams",4100,"Dal@Mia 01:00PM ET",8.256,"Dal"
"DST","Seahawks ",4000,"SF@Sea 04:25PM ET",11.111,"Sea"
"WR","Anquan Boldin",4000,"SF@Sea 04:25PM ET",12.314,"SF"
"WR","Breshad Perriman",4000,"StL@Bal 01:00PM ET",0,"Bal"
"RB","Matt Jones",4000,"Was@Car 01:00PM ET",11.650,"Was"
"DST","Broncos ",3900,"Den@Chi 01:00PM ET",13.333,"Den"
"WR","Malcom Floyd",3900,"KC@SD 04:05PM ET",8.878,"SD"
"WR","Stevie Johnson",3900,"KC@SD 04:05PM ET",11.157,"SD"
"RB","Alfred Morris",3900,"Was@Car 01:00PM ET",6.300,"Was"
"RB","Ronnie Hillman",3900,"Den@Chi 01:00PM ET",9.967,"Den"
"RB","Melvin Gordon",3900,"KC@SD 04:05PM ET",7.900,"SD"
"RB","Shaun Draughn",3800,"SF@Sea 04:25PM ET",2.783,"SF"
"WR","Michael Floyd",3800,"Cin@Ari 08:30PM ET",11.800,"Ari"
"RB","Alfred Blue",3800,"NYJ@Hou 01:00PM ET",5.989,"Hou"
"RB","Carlos Hyde",3800,"SF@Sea 04:25PM ET",12.043,"SF"
"WR","Jamison Crowder",3800,"Was@Car 01:00PM ET",10.044,"Was"
"RB","Thomas Rawls",3800,"SF@Sea 04:25PM ET",6.144,"Sea"
"WR","Andre Johnson",3700,"Ind@Atl 01:00PM ET",7.867,"Ind"
"RB","Andre Ellington",3700,"Cin@Ari 08:30PM ET",9.833,"Ari"
"RB","C.J. Anderson",3700,"Den@Chi 01:00PM ET",7.478,"Den"
"DST","Rams ",3600,"StL@Bal 01:00PM ET",10.000,"StL"
"TE","Jacob Tamme",3600,"Ind@Atl 01:00PM ET",11.250,"Atl"
"WR","Torrey Smith",3600,"SF@Sea 04:25PM ET",8.178,"SF"
"WR","Devin Funchess",3600,"Was@Car 01:00PM ET",4.244,"Car"
"DST","Cardinals ",3500,"Cin@Ari 08:30PM ET",9.667,"Ari"
"WR","Ted Ginn Jr.",3500,"Was@Car 01:00PM ET",9.789,"Car"
"WR","Mike Wallace",3500,"GB@Min 04:25PM ET",7.311,"Min"
"WR","Doug Baldwin",3500,"SF@Sea 04:25PM ET",11.878,"Sea"
"RB","Ryan Mathews",3500,"TB@Phi 01:00PM ET",11.733,"Phi"
"WR","Marlon Brown",3500,"StL@Bal 01:00PM ET",2.800,"Bal"
"WR","Marquess Wilson",3500,"Den@Chi 01:00PM ET",6.422,"Chi"
"TE","Eric Ebron",3500,"Oak@Det 01:00PM ET",11.000,"Det"
"DST","Falcons ",3400,"Ind@Atl 01:00PM ET",6.778,"Atl"
"DST","Panthers ",3400,"Was@Car 01:00PM ET",9.667,"Car"
"RB","Darren Sproles",3400,"TB@Phi 01:00PM ET",8.356,"Phi"
"WR","Roddy White",3400,"Ind@Atl 01:00PM ET",5.111,"Atl"
"RB","Marcel Reece",3400,"Oak@Det 01:00PM ET",6.900,"Oak"
"WR","Kenny Britt",3400,"StL@Bal 01:00PM ET",6.300,"StL"
"RB","David Johnson",3400,"Cin@Ari 08:30PM ET",9.167,"Ari"
"RB","Ameer Abdullah",3400,"Oak@Det 01:00PM ET",6.778,"Det"
"RB","Tevin Coleman",3400,"Ind@Atl 01:00PM ET",3.614,"Atl"
"WR","Leonard Hankerson",3300,"Ind@Atl 01:00PM ET",9.443,"Atl"
"WR","Jermaine Kearse",3300,"SF@Sea 04:25PM ET",6.978,"Sea"
"WR","Cole Beasley",3300,"Dal@Mia 01:00PM ET",8.711,"Dal"
"RB","Charles Sims",3300,"TB@Phi 01:00PM ET",9.700,"TB"
"RB","Theo Riddick",3300,"Oak@Det 01:00PM ET",11.078,"Det"
"RB","Joique Bell",3300,"Oak@Det 01:00PM ET",5.650,"Det"
"TE","Crockett Gillmore",3300,"StL@Bal 01:00PM ET",10.914,"Bal"
"RB","Javorius Allen",3300,"StL@Bal 01:00PM ET",3.556,"Bal"
"WR","Nelson Agholor",3300,"TB@Phi 01:00PM ET",3.950,"Phi"
"TE","Coby Fleener",3200,"Ind@Atl 01:00PM ET",8.333,"Ind"
"RB","Chris Polk",3200,"NYJ@Hou 01:00PM ET",4.756,"Hou"
"WR","Griff Whalen",3200,"Ind@Atl 01:00PM ET",3.856,"Ind"
"WR","Chris Givens",3200,"StL@Bal 01:00PM ET",4.225,"Bal"
"RB","Chris Thompson",3200,"Was@Car 01:00PM ET",8.600,"Was"
"RB","Jay Ajayi",3200,"Dal@Mia 01:00PM ET",4.450,"Mia"
"WR","Quinton Patton",3200,"SF@Sea 04:25PM ET",5.156,"SF"
"DST","Packers ",3100,"GB@Min 04:25PM ET",7.333,"GB"
"DST","Eagles ",3100,"TB@Phi 01:00PM ET",10.111,"Phi"
"TE","Zach Ertz",3100,"TB@Phi 01:00PM ET",8.244,"Phi"
"TE","Richard Rodgers",3100,"GB@Min 04:25PM ET",10.189,"GB"
"DST","Bengals ",3000,"Cin@Ari 08:30PM ET",7.889,"Cin"
"DST","Jets ",3000,"NYJ@Hou 01:00PM ET",7.556,"NYJ"
"WR","Greg Jennings",3000,"Dal@Mia 01:00PM ET",2.478,"Mia"
"WR","Lance Moore",3000,"Oak@Det 01:00PM ET",8.844,"Det"
"WR","Jason Avant",3000,"KC@SD 04:05PM ET",1.733,"KC"
"WR","Miles Austin",3000,"TB@Phi 01:00PM ET",4.356,"Phi"
"WR","Andre Caldwell",3000,"Den@Chi 01:00PM ET",2.267,"Den"
"RB","Tyler Clutts",3000,"Dal@Mia 01:00PM ET",0.156,"Dal"
"WR","Eric Weems",3000,"Ind@Atl 01:00PM ET",0.233,"Atl"
"WR","Jerricho Cotchery",3000,"Was@Car 01:00PM ET",5.800,"Car"
"WR","Eddie Royal",3000,"Den@Chi 01:00PM ET",8.167,"Chi"
"WR","Wes Welker",3000,"StL@Bal 01:00PM ET",6.200,"StL"
"RB","Ahmad Bradshaw",3000,"Ind@Atl 01:00PM ET",4.025,"Ind"
"RB","Cedric Peerman",3000,"Cin@Ari 08:30PM ET",0.000,"Cin"
"WR","Jerome Simpson",3000,"SF@Sea 04:25PM ET",3.200,"SF"
"RB","Mike Tolbert",3000,"Was@Car 01:00PM ET",4.556,"Car"
"RB","John Kuhn",3000,"GB@Min 04:25PM ET",1.356,"GB"
"WR","Seyi Ajirotutu",3000,"TB@Phi 01:00PM ET",0.000,"Phi"
"WR","Brandon Tate",3000,"Cin@Ari 08:30PM ET",1.544,"Cin"
"RB","Darrel Young",3000,"Was@Car 01:00PM ET",0.522,"Was"
"RB","Antone Smith",3000,"Den@Chi 01:00PM ET",0.367,"Chi"
"RB","Donald Brown",3000,"KC@SD 04:05PM ET",0.433,"SD"
"RB","Jorvorskie Lane",3000,"TB@Phi 01:00PM ET",0.367,"TB"
"WR","Jordan Norwood",3000,"Den@Chi 01:00PM ET",3.167,"Den"
"RB","Bruce Miller",3000,"SF@Sea 04:25PM ET",2.033,"SF"
"WR","Marc Mariani",3000,"Den@Chi 01:00PM ET",0.689,"Chi"
"WR","Andre Roberts",3000,"Was@Car 01:00PM ET",3.500,"Was"
"WR","Riley Cooper",3000,"TB@Phi 01:00PM ET",4.833,"Phi"
"RB","Fred Jackson",3000,"SF@Sea 04:25PM ET",4.733,"Sea"
"WR","Jeremy Ross",3000,"StL@Bal 01:00PM ET",3.200,"Bal"
"RB","Chase Reynolds",3000,"StL@Bal 01:00PM ET",0.000,"StL"
"WR","Joseph Morgan",3000,"StL@Bal 01:00PM ET",0.000,"Bal"
"RB","Fozzy Whittaker",3000,"Was@Car 01:00PM ET",1.456,"Car"
"RB","Stevan Ridley",3000,"NYJ@Hou 01:00PM ET",-0.050,"NYJ"
"RB","Matt Asiata",3000,"GB@Min 04:25PM ET",2.867,"Min"
"RB","Taiwan Jones",3000,"Oak@Det 01:00PM ET",4.014,"Oak"
"WR","Charles Johnson",3000,"GB@Min 04:25PM ET",3.100,"Min"
"WR","Brian Quick",3000,"StL@Bal 01:00PM ET",1.517,"StL"
"WR","Deonte Thompson",3000,"Den@Chi 01:00PM ET",0,"Chi"
"WR","Dontrelle Inman",3000,"KC@SD 04:05PM ET",4.250,"SD"
"WR","Jeremy Kerley",3000,"NYJ@Hou 01:00PM ET",4.800,"NYJ"
"RB","Travaris Cadet",3000,"SF@Sea 04:25PM ET",1.200,"SF"
"RB","Anthony Sherman",3000,"KC@SD 04:05PM ET",0.367,"KC"
"RB","Will Tukuafu",3000,"SF@Sea 04:25PM ET",0.886,"Sea"
"RB","Bilal Powell",3000,"NYJ@Hou 01:00PM ET",7.360,"NYJ"
"RB","Bobby Rainey",3000,"TB@Phi 01:00PM ET",0.656,"TB"
"RB","Roy Helu Jr.",3000,"Oak@Det 01:00PM ET",3.133,"Oak"
"RB","Patrick DiMarco",3000,"Ind@Atl 01:00PM ET",1.100,"Atl"
"RB","George Winn",3000,"Oak@Det 01:00PM ET",0.000,"Det"
"RB","Kenjon Barner",3000,"TB@Phi 01:00PM ET",0.000,"Phi"
"WR","Brice Butler",3000,"Dal@Mia 01:00PM ET",3.450,"Dal"
"RB","Zach Line",3000,"GB@Min 04:25PM ET",2.178,"Min"
"WR","Brenton Bersin",3000,"Was@Car 01:00PM ET",1.950,"Car"
"RB","Derrick Coleman",3000,"SF@Sea 04:25PM ET",0.171,"Sea"
"RB","Jonathan Grimes",3000,"NYJ@Hou 01:00PM ET",4.457,"Hou"
"WR","Jaron Brown",3000,"Cin@Ari 08:30PM ET",3.089,"Ari"
"WR","Jarius Wright",3000,"GB@Min 04:25PM ET",3.922,"Min"
"TE","Ladarius Green",3000,"KC@SD 04:05PM ET",12.343,"SD"
"WR","Russell Shepard",3000,"TB@Phi 01:00PM ET",0.267,"TB"
"WR","Mohamed Sanu",3000,"Cin@Ari 08:30PM ET",6.878,"Cin"
"RB","Zurlon Tipton",3000,"Ind@Atl 01:00PM ET",0.150,"Ind"
"RB","Knile Davis",3000,"KC@SD 04:05PM ET",1.938,"KC"
"RB","Tommy Bohanon",3000,"NYJ@Hou 01:00PM ET",0.956,"NYJ"
"WR","Ryan Grant",3000,"Was@Car 01:00PM ET",4.711,"Was"
"RB","Rex Burkhead",3000,"Cin@Ari 08:30PM ET",1.044,"Cin"
"RB","Benny Cunningham",3000,"StL@Bal 01:00PM ET",4.522,"StL"
"RB","Kendall Gaskins",3000,"SF@Sea 04:25PM ET",3.150,"SF"
"RB","Kyle Juszczyk",3000,"StL@Bal 01:00PM ET",6.067,"Bal"
"RB","Bryce Brown",3000,"SF@Sea 04:25PM ET",0,"Sea"
"RB","Stepfan Taylor",3000,"Cin@Ari 08:30PM ET",0.278,"Ari"
"RB","Zac Stacy",3000,"NYJ@Hou 01:00PM ET",3.800,"NYJ"
"RB","Brandon Wegher",3000,"Was@Car 01:00PM ET",0,"Car"
"WR","Kevin Norwood",3000,"Was@Car 01:00PM ET",0.000,"Car"
"RB","Christine Michael",3000,"Dal@Mia 01:00PM ET",1.260,"Dal"
"WR","Bennie Fowler",3000,"Den@Chi 01:00PM ET",3.189,"Den"
"WR","Jared Abbrederis",3000,"GB@Min 04:25PM ET",1.940,"GB"
"WR","Nick Williams",3000,"Ind@Atl 01:00PM ET",2.350,"Atl"
"WR","Devin Street",3000,"Dal@Mia 01:00PM ET",1.844,"Dal"
"WR","Chris Matthews",3000,"SF@Sea 04:25PM ET",1.044,"Sea"
"RB","Spencer Ware",3000,"KC@SD 04:05PM ET",2.100,"KC"
"WR","Kenny Stills",3000,"Dal@Mia 01:00PM ET",5.544,"Mia"
"RB","Jay Prosch",3000,"NYJ@Hou 01:00PM ET",0.311,"Hou"
"WR","TJ Jones",3000,"Oak@Det 01:00PM ET",0.160,"Det"
"WR","Kenbrell Thompkins",3000,"NYJ@Hou 01:00PM ET",6.600,"NYJ"
"WR","Rod Streater",3000,"Oak@Det 01:00PM ET",1.800,"Oak"
"RB","Rod Smith",3000,"Dal@Mia 01:00PM ET",0.125,"Dal"
"WR","Joshua Bellamy",3000,"Den@Chi 01:00PM ET",2.500,"Chi"
"WR","Javontee Herndon",3000,"KC@SD 04:05PM ET",2.200,"SD"
"WR","Josh Huff",3000,"TB@Phi 01:00PM ET",5.925,"Phi"
"RB","Juwan Thompson",3000,"Den@Chi 01:00PM ET",0.450,"Den"
"RB","Michael Burton",3000,"Oak@Det 01:00PM ET",0.344,"Det"
"WR","Albert Wilson",3000,"KC@SD 04:05PM ET",5.300,"KC"
"WR","DeAndrew White",3000,"SF@Sea 04:25PM ET",0.950,"SF"
"WR","Matt Hazel",3000,"Dal@Mia 01:00PM ET",0,"Mia"
"WR","Keith Mumphery",3000,"NYJ@Hou 01:00PM ET",2.989,"Hou"
"WR","Justin Hardy",3000,"Ind@Atl 01:00PM ET",4.900,"Atl"
"WR","J.J. Nelson",3000,"Cin@Ari 08:30PM ET",2.250,"Ari"
"WR","Cecil Shorts III",3000,"NYJ@Hou 01:00PM ET",10.917,"Hou"
"WR","Andre Holmes",3000,"Oak@Det 01:00PM ET",5.011,"Oak"
"WR","Corey Fuller",3000,"Oak@Det 01:00PM ET",1.013,"Det"
"RB","Jamize Olawale",3000,"Oak@Det 01:00PM ET",3.414,"Oak"
"WR","Paul Richardson",3000,"SF@Sea 04:25PM ET",5.000,"Sea"
"WR","Cameron Meredith",3000,"Den@Chi 01:00PM ET",2.500,"Chi"
"RB","Jerick McKinnon",3000,"GB@Min 04:25PM ET",2.144,"Min"
"WR","Corey Brown",3000,"Was@Car 01:00PM ET",6.800,"Car"
"RB","Terron Ward",3000,"Ind@Atl 01:00PM ET",2.567,"Atl"
"WR","Chris Conley",3000,"KC@SD 04:05PM ET",4.000,"KC"
"WR","Quan Bray",3000,"Ind@Atl 01:00PM ET",0.000,"Ind"
"RB","Tre Mason",3000,"StL@Bal 01:00PM ET",3.086,"StL"
"RB","Ka'Deem Carey",3000,"Den@Chi 01:00PM ET",1.480,"Chi"
"WR","Phillip Dorsett",3000,"Ind@Atl 01:00PM ET",4.729,"Ind"
"WR","Rashad Ross",3000,"Was@Car 01:00PM ET",2.657,"Was"
"WR","Ty Montgomery",3000,"GB@Min 04:25PM ET",7.000,"GB"
"WR","Adam Humphries",3000,"TB@Phi 01:00PM ET",3.800,"TB"
"WR","DeVante Parker",3000,"Dal@Mia 01:00PM ET",1.113,"Mia"
"RB","Alonzo Harris",3000,"GB@Min 04:25PM ET",0.317,"GB"
"WR","Bruce Ellington",3000,"SF@Sea 04:25PM ET",2.350,"SF"
"WR","Tyler Lockett",3000,"SF@Sea 04:25PM ET",7.122,"Sea"
"RB","Aaron Ripkowski",3000,"GB@Min 04:25PM ET",0.311,"GB"
"WR","Bradley Marquez",3000,"StL@Bal 01:00PM ET",0.744,"StL"
"WR","Devin Smith",3000,"NYJ@Hou 01:00PM ET",2.367,"NYJ"
"RB","Raheem Mostert",3000,"StL@Bal 01:00PM ET",0.000,"Bal"
"WR","Jeremy Butler",3000,"StL@Bal 01:00PM ET",3.100,"Bal"
"WR","De'Anthony Thomas",3000,"KC@SD 04:05PM ET",4.967,"KC"
"WR","Cody Latimer",3000,"Den@Chi 01:00PM ET",0.750,"Den"
"WR","Brittan Golden",3000,"Cin@Ari 08:30PM ET",0.000,"Ari"
"WR","Cordarrelle Patterson",3000,"GB@Min 04:25PM ET",1.167,"Min"
"RB","Trey Williams",3000,"Dal@Mia 01:00PM ET",0,"Dal"
"RB","Damien Williams",3000,"Dal@Mia 01:00PM ET",2.333,"Mia"
"WR","Seth Roberts",3000,"Oak@Det 01:00PM ET",4.833,"Oak"
"RB","Cameron Artis-Payne",3000,"Was@Car 01:00PM ET",0.775,"Car"
"WR","Lucky Whitehead",3000,"Dal@Mia 01:00PM ET",0.900,"Dal"
"WR","Jaelen Strong",3000,"NYJ@Hou 01:00PM ET",5.200,"Hou"
"WR","Adam Thielen",3000,"GB@Min 04:25PM ET",2.444,"Min"
"WR","Mario Alford",3000,"Cin@Ari 08:30PM ET",0,"Cin"
"WR","Jeff Janis",3000,"GB@Min 04:25PM ET",1.100,"GB"
"WR","Donteea Dye",3000,"TB@Phi 01:00PM ET",2.520,"TB"
"TE","Brent Celek",2900,"TB@Phi 01:00PM ET",5.167,"Phi"
"TE","Zach Miller",2900,"Den@Chi 01:00PM ET",5.278,"Chi"
"TE","Kyle Rudolph",2900,"GB@Min 04:25PM ET",6.578,"Min"
"DST","Ravens ",2700,"StL@Bal 01:00PM ET",5.444,"Bal"
"TE","Owen Daniels",2700,"Den@Chi 01:00PM ET",7.722,"Den"
"TE","Justin Perillo",2700,"GB@Min 04:25PM ET",5.375,"GB"
"DST","Chiefs ",2600,"KC@SD 04:05PM ET",8.556,"KC"
"DST","Raiders ",2600,"Oak@Det 01:00PM ET",5.667,"Oak"
"DST","Texans ",2500,"NYJ@Hou 01:00PM ET",7.222,"Hou"
"DST","Dolphins ",2500,"Dal@Mia 01:00PM ET",6.778,"Mia"
"TE","Mike Leach",2500,"Cin@Ari 08:30PM ET",0.000,"Ari"
"TE","Vernon Davis",2500,"Den@Chi 01:00PM ET",5.163,"Den"
"TE","Clark Harris",2500,"Cin@Ari 08:30PM ET",0.000,"Cin"
"TE","Brandon Pettigrew",2500,"Oak@Det 01:00PM ET",3.275,"Det"
"TE","Kellen Davis",2500,"NYJ@Hou 01:00PM ET",0.789,"NYJ"
"TE","Brandon Myers",2500,"TB@Phi 01:00PM ET",2.744,"TB"
"TE","Darren Fells",2500,"Cin@Ari 08:30PM ET",5.814,"Ari"
"TE","Tony Moeaki",2500,"Ind@Atl 01:00PM ET",0.420,"Atl"
"TE","David Johnson",2500,"KC@SD 04:05PM ET",0.022,"SD"
"TE","Ed Dickson",2500,"Was@Car 01:00PM ET",3.556,"Car"
"TE","Jared Cook",2500,"StL@Bal 01:00PM ET",5.778,"StL"
"TE","Garrett Graham",2500,"NYJ@Hou 01:00PM ET",1.625,"Hou"
"TE","Andrew DePaola",2500,"TB@Phi 01:00PM ET",0.000,"TB"
"TE","Anthony McCoy",2500,"Was@Car 01:00PM ET",0.000,"Was"
"TE","Virgil Green",2500,"Den@Chi 01:00PM ET",2.889,"Den"
"TE","John Phillips",2500,"KC@SD 04:05PM ET",2.133,"SD"
"TE","Richard Gordon",2500,"Den@Chi 01:00PM ET",0.000,"Den"
"TE","Kyle Nelson",2500,"SF@Sea 04:25PM ET",0.000,"SF"
"TE","Lance Kendricks",2500,"StL@Bal 01:00PM ET",3.763,"StL"
"TE","Jermaine Gresham",2500,"Cin@Ari 08:30PM ET",3.867,"Ari"
"TE","Jeff Cumberland",2500,"NYJ@Hou 01:00PM ET",1.588,"NYJ"
"TE","Lee Smith",2500,"Oak@Det 01:00PM ET",1.511,"Oak"
"TE","Luke Stocker",2500,"TB@Phi 01:00PM ET",0.743,"TB"
"TE","Sean McGrath",2500,"KC@SD 04:05PM ET",0,"SD"
"TE","Jordan Cameron",2500,"Dal@Mia 01:00PM ET",5.978,"Mia"
"TE","Rhett Ellison",2500,"GB@Min 04:25PM ET",2.038,"Min"
"TE","Garrett Celek",2500,"SF@Sea 04:25PM ET",5.567,"SF"
"TE","James Hanna",2500,"Dal@Mia 01:00PM ET",0.614,"Dal"
"TE","Jake Stoneburner",2500,"Dal@Mia 01:00PM ET",3.617,"Mia"
"TE","Mychal Rivera",2500,"Oak@Det 01:00PM ET",3.633,"Oak"
"TE","Cory Harkey",2500,"StL@Bal 01:00PM ET",0.311,"StL"
"TE","Dwayne Allen",2500,"Ind@Atl 01:00PM ET",3.214,"Ind"
"TE","Kevin McDermott",2500,"GB@Min 04:25PM ET",0.000,"Min"
"TE","Tim Wright",2500,"Oak@Det 01:00PM ET",3.467,"Det"
"TE","Luke Willson",2500,"SF@Sea 04:25PM ET",3.438,"Sea"
"TE","James Winchester",2500,"KC@SD 04:05PM ET",0.000,"KC"
"TE","Jack Doyle",2500,"Ind@Atl 01:00PM ET",2.189,"Ind"
"TE","Vance McDonald",2500,"SF@Sea 04:25PM ET",1.925,"SF"
"TE","Ryan Hewitt",2500,"Cin@Ari 08:30PM ET",0.833,"Cin"
"TE","Levine Toilolo",2500,"Ind@Atl 01:00PM ET",1.289,"Atl"
"TE","Justice Cunningham",2500,"StL@Bal 01:00PM ET",0.000,"StL"
"TE","Gabe Holmes",2500,"Oak@Det 01:00PM ET",0,"Oak"
"TE","Gavin Escobar",2500,"Dal@Mia 01:00PM ET",1.622,"Dal"
"TE","Dion Sims",2500,"Dal@Mia 01:00PM ET",3.217,"Mia"
"TE","Brandon Williams",2500,"Dal@Mia 01:00PM ET",0.000,"Mia"
"TE","Cooper Helfet",2500,"SF@Sea 04:25PM ET",0.000,"Sea"
"TE","Trey Burton",2500,"TB@Phi 01:00PM ET",0.000,"Phi"
"TE","Blake Bell",2500,"SF@Sea 04:25PM ET",0.671,"SF"
"TE","James O'Shaughnessy",2500,"KC@SD 04:05PM ET",2.100,"KC"
"TE","MyCole Pruitt",2500,"GB@Min 04:25PM ET",1.122,"Min"
"TE","Cameron Brate",2500,"TB@Phi 01:00PM ET",2.914,"TB"
"TE","Clive Walford",2500,"Oak@Det 01:00PM ET",4.356,"Oak"
"TE","C.J. Fiedorowicz",2500,"NYJ@Hou 01:00PM ET",3.100,"Hou"
"TE","Brian Parker",2500,"KC@SD 04:05PM ET",0.800,"KC"
"TE","Scott Simonson",2500,"Was@Car 01:00PM ET",0.000,"Car"
"TE","Tyler Kroft",2500,"Cin@Ari 08:30PM ET",0.000,"Cin"
"TE","C.J. Uzomah",2500,"Cin@Ari 08:30PM ET",0,"Cin"
"TE","Austin Seferian-Jenkins",2500,"TB@Phi 01:00PM ET",17.950,"TB"
"TE","Demetrius Harris",2500,"KC@SD 04:05PM ET",0.389,"KC"
"TE","Nick Boyle",2500,"StL@Bal 01:00PM ET",3.200,"Bal"
"TE","Kennard Backman",2500,"GB@Min 04:25PM ET",0.000,"GB"
"TE","Troy Niklas",2500,"Cin@Ari 08:30PM ET",1.944,"Ari"
"TE","Maxx Williams",2500,"StL@Bal 01:00PM ET",4.600,"Bal"
"TE","Derek Carrier",2500,"Was@Car 01:00PM ET",3.456,"Was"
"TE","Geoff Swaim",2500,"Dal@Mia 01:00PM ET",0.500,"Dal"
"TE","Khari Lee",2500,"Den@Chi 01:00PM ET",0.000,"Chi"
"DST","Cowboys ",2400,"Dal@Mia 01:00PM ET",5.111,"Dal"
"DST","Vikings ",2300,"GB@Min 04:25PM ET",8.222,"Min"
"DST","Chargers ",2300,"KC@SD 04:05PM ET",4.000,"SD"
"DST","Buccaneers ",2300,"TB@Phi 01:00PM ET",7.667,"TB"
"DST","Lions ",2200,"Oak@Det 01:00PM ET",5.889,"Det"
"DST","49ers ",2100,"SF@Sea 04:25PM ET",4.333,"SF"
"DST","Redskins ",2100,"Was@Car 01:00PM ET",7.667,"Was"
"DST","Bears ",2000,"Den@Chi 01:00PM ET",4.778,"Chi"
"DST","Colts ",2000,"Ind@Atl 01:00PM ET",5.778,"Ind"
